temperature,humidity,soil_moisture,light_intensity,health_status
25.5,65.3,45.2,2500,healthy
22.3,72.1,38.5,1800,diseased
26.8,58.9,52.1,3200,healthy
19.4,85.2,28.3,1200,diseased
24.1,68.5,48.7,2800,healthy
20.6,92.4,15.6,900,diseased
27.3,60.2,55.3,3500,healthy
18.9,88.7,22.1,1100,diseased
25.0,70.1,46.9,2700,healthy
21.8,80.5,32.4,1500,diseased
26.2,62.8,50.5,3100,healthy
19.7,84.3,26.8,1300,diseased
24.7,67.2,47.6,2600,healthy
22.1,78.9,35.2,1700,diseased
25.9,63.5,51.2,3000,healthy
20.3,86.1,24.5,1400,diseased
26.5,61.4,53.8,3300,healthy
23.4,75.6,40.1,2000,diseased
24.4,66.8,48.2,2900,healthy
21.5,82.3,30.7,1600,diseased
25.6,64.2,49.9,2750,healthy
19.2,89.5,20.3,1050,diseased
27.1,59.7,54.6,3400,healthy
22.8,76.4,37.8,1900,diseased
25.2,69.6,47.1,2650,healthy
20.8,83.2,29.2,1550,diseased
26.9,62.1,52.4,3150,healthy
21.0,81.8,33.9,1750,diseased
24.9,68.3,46.5,2700,healthy
23.6,73.5,41.7,2100,diseased
